<?xml version = "1.0" encoding = "UTF-8"?>
<lugares>
	<locacion>
		<imagen>Bangkok.jpg</imagen>
		<info continente = "asia">Bangkok</info>
	</locacion>
	<locacion>
		<imagen>Brasil.jpg</imagen>
		<info continente = "america">Brasil</info>
	</locacion>	
		<locacion>
		<imagen>Egypt.jpg</imagen>
		<info continente = "africa">Egipto</info>
	</locacion>
		<locacion>
		<imagen>London.jpg</imagen>
		<info continente = "europa">Londres</info>
	</locacion>
	<locacion>
		<imagen>Mexico.jpg</imagen>
		<info continente = "america">Mexico</info>
	</locacion>
		<locacion>
		<imagen>New_York.jpg</imagen>
		<info continente = "america">New York</info>
	</locacion>
		<locacion>
		<imagen>Paris.jpg</imagen>
		<info continente = "europa">Paris</info>
	</locacion>

		<locacion>
		<imagen>Rome.jpg</imagen>
		<info continente = "europa">Roma</info>
	</locacion>
		<locacion>
		<imagen>Venece.jpg</imagen>
		<info continente = "europa">Venecia</info>
	</locacion>
</lugares>